{
    "common_players_count": 1,
    "common_players_percentage": 9.090909090909092,
    "common_players": [
        "Ollie Watkins"
    ],
    "predicted_formation": "4-4-2",
    "actual_formation": "5-2-3",
    "predicted_total": 48.793742179870605,
    "actual_total": 133.0,
    "point_differential": 84.2062578201294,
    "adjusted_total": 48.793742179870605,
    "adjusted_differential": 84.2062578201294
}