{
    "common_players_count": 0,
    "common_players_percentage": 0.0,
    "common_players": [],
    "predicted_formation": "5-3-2",
    "actual_formation": "3-5-2",
    "predicted_total": 49.975046427120404,
    "actual_total": 139.0,
    "point_differential": 89.0249535728796,
    "adjusted_total": 49.975046427120404,
    "adjusted_differential": 89.0249535728796
}