{
    "common_players_count": 0,
    "common_players_percentage": 0.0,
    "common_players": [],
    "predicted_formation": "3-4-3",
    "actual_formation": "5-2-3",
    "predicted_total": 48.842989683151245,
    "actual_total": 128.0,
    "point_differential": 79.15701031684875,
    "adjusted_total": 48.842989683151245,
    "adjusted_differential": 79.15701031684875
}