{
    "common_players_count": 1,
    "common_players_percentage": 9.090909090909092,
    "common_players": [
        "Mohamed Salah"
    ],
    "predicted_formation": "3-5-2",
    "actual_formation": "3-5-2",
    "predicted_total": 50.8148455619812,
    "actual_total": 131.0,
    "point_differential": 80.1851544380188,
    "adjusted_total": 50.8148455619812,
    "adjusted_differential": 80.1851544380188
}