{
    "common_players_count": 0,
    "common_players_percentage": 0.0,
    "common_players": [],
    "predicted_formation": "4-4-2",
    "actual_formation": "4-4-2",
    "predicted_total": 52.57029318809509,
    "actual_total": 126.0,
    "point_differential": 73.42970681190491,
    "adjusted_total": 52.57029318809509,
    "adjusted_differential": 73.42970681190491
}