{
    "common_players_count": 1,
    "common_players_percentage": 9.090909090909092,
    "common_players": [
        "Alexander Isak"
    ],
    "predicted_formation": "3-4-3",
    "actual_formation": "4-3-3",
    "predicted_total": 51.70592737197876,
    "actual_total": 134.0,
    "point_differential": 82.29407262802124,
    "adjusted_total": 51.70592737197876,
    "adjusted_differential": 82.29407262802124
}