algorithm,gameweek,common_players_count,common_players_percentage,predicted_formation,actual_formation,predicted_total,actual_total,point_differential,adjusted_total,adjusted_differential
LSTM,4,2,18.181818181818183,3-5-2,3-4-3,82.36141109466553,121.0,38.63858890533447,82.36141109466553,38.63858890533447
RFReg,4,1,9.090909090909092,3-4-3,3-4-3,51.299993373313264,121.0,69.70000662668673,51.299993373313264,69.70000662668673
Ridge,4,1,9.090909090909092,4-4-2,3-4-3,48.83828088393574,121.0,72.16171911606426,48.83828088393574,72.16171911606426
XGBoost,4,0,0.0,3-4-3,3-4-3,53.88065767288208,121.0,67.11934232711792,53.88065767288208,67.11934232711792
GBReg,4,0,0.0,5-3-2,3-4-3,50.560926829926416,121.0,70.43907317007358,50.560926829926416,70.43907317007358
DeepLearning,4,0,0.0,4-4-2,3-4-3,44.114678144454956,121.0,76.88532185554504,44.114678144454956,76.88532185554504
