{
    "common_players_count": 2,
    "common_players_percentage": 18.181818181818183,
    "common_players": [
        "Mohamed Salah",
        "Isma\u00efla Sarr"
    ],
    "predicted_formation": "4-4-2",
    "actual_formation": "4-3-3",
    "predicted_total": 52.45225674426005,
    "actual_total": 111.0,
    "point_differential": 58.54774325573995,
    "adjusted_total": 52.45225674426005,
    "adjusted_differential": 58.54774325573995
}