{
    "common_players_count": 2,
    "common_players_percentage": 18.181818181818183,
    "common_players": [
        "Ollie Watkins",
        "Cole Palmer"
    ],
    "predicted_formation": "3-5-2",
    "actual_formation": "3-5-2",
    "predicted_total": 53.173423528671265,
    "actual_total": 135.0,
    "point_differential": 81.82657647132874,
    "adjusted_total": 51.94517731666565,
    "adjusted_differential": 83.05482268333435
}