{
    "common_players_count": 1,
    "common_players_percentage": 9.090909090909092,
    "common_players": [
        "Mohamed Salah"
    ],
    "predicted_formation": "3-5-2",
    "actual_formation": "4-3-3",
    "predicted_total": 57.803255558013916,
    "actual_total": 137.0,
    "point_differential": 79.19674444198608,
    "adjusted_total": 57.803255558013916,
    "adjusted_differential": 79.19674444198608
}