{
    "common_players_count": 1,
    "common_players_percentage": 9.090909090909092,
    "common_players": [
        "J\u00f8rgen Strand Larsen"
    ],
    "predicted_formation": "5-3-2",
    "actual_formation": "5-2-3",
    "predicted_total": 46.53302144706777,
    "actual_total": 98.0,
    "point_differential": 51.46697855293223,
    "adjusted_total": 45.16547353722229,
    "adjusted_differential": 52.83452646277771
}