{
    "common_players_count": 0,
    "common_players_percentage": 0.0,
    "common_players": [],
    "predicted_formation": "3-4-3",
    "actual_formation": "5-2-3",
    "predicted_total": 54.133900501422254,
    "actual_total": 128.0,
    "point_differential": 73.86609949857774,
    "adjusted_total": 54.133900501422254,
    "adjusted_differential": 73.86609949857774
}