{
    "common_players_count": 3,
    "common_players_percentage": 27.27272727272727,
    "common_players": [
        "Alexander Isak",
        "David Raya Martin",
        "Cody Gakpo"
    ],
    "predicted_formation": "4-3-3",
    "actual_formation": "5-2-3",
    "predicted_total": 53.025280714035034,
    "actual_total": 134.0,
    "point_differential": 80.97471928596497,
    "adjusted_total": 51.83627009391785,
    "adjusted_differential": 82.16372990608215
}