algorithm,gameweek,common_players_count,common_players_percentage,predicted_formation,actual_formation,predicted_total,actual_total,point_differential,adjusted_total,adjusted_differential
LSTM,27,3,27.27272727272727,5-3-2,4-3-3,72.58534669876099,111.0,38.414653301239014,72.58534669876099,38.414653301239014
Ridge,27,2,18.181818181818183,4-4-2,4-3-3,52.45225674426005,111.0,58.54774325573995,52.45225674426005,58.54774325573995
RFReg,27,2,18.181818181818183,3-5-2,4-3-3,51.771533087857634,111.0,59.228466912142366,51.771533087857634,59.228466912142366
XGBoost,27,1,9.090909090909092,3-5-2,4-3-3,56.2711877822876,111.0,54.7288122177124,56.2711877822876,54.7288122177124
GBReg,27,1,9.090909090909092,5-2-3,4-3-3,52.960638313478945,111.0,58.039361686521055,52.960638313478945,58.039361686521055
DeepLearning,27,1,9.090909090909092,3-5-2,4-3-3,48.11622595787048,111.0,62.88377404212952,48.11622595787048,62.88377404212952
