{
    "common_players_count": 1,
    "common_players_percentage": 9.090909090909092,
    "common_players": [
        "Mohamed Salah"
    ],
    "predicted_formation": "4-3-3",
    "actual_formation": "3-5-2",
    "predicted_total": 47.38987629929526,
    "actual_total": 147.0,
    "point_differential": 99.61012370070475,
    "adjusted_total": 47.38987629929526,
    "adjusted_differential": 99.61012370070475
}