algorithm,gameweek,common_players_count,common_players_percentage,predicted_formation,actual_formation,predicted_total,actual_total,point_differential,adjusted_total,adjusted_differential
XGBoost,1,2,18.181818181818183,3-5-2,4-3-3,49.865541219711304,137.0,87.1344587802887,49.865541219711304,87.1344587802887
GBReg,1,2,18.181818181818183,4-4-2,4-3-3,49.004067834014734,137.0,87.99593216598527,49.004067834014734,87.99593216598527
RFReg,1,2,18.181818181818183,3-4-3,4-3-3,46.71403200887161,137.0,90.28596799112839,46.71403200887161,90.28596799112839
DeepLearning,1,2,18.181818181818183,3-5-2,4-3-3,42.91069984436035,137.0,94.08930015563965,42.91069984436035,94.08930015563965
LSTM,1,1,9.090909090909092,5-2-3,4-3-3,47.268993854522705,137.0,89.7310061454773,47.268993854522705,89.7310061454773
Ridge,1,1,9.090909090909092,3-4-3,4-3-3,39.07208618354327,137.0,97.92791381645674,39.07208618354327,97.92791381645674
