{
    "common_players_count": 2,
    "common_players_percentage": 18.181818181818183,
    "common_players": [
        "Ollie Watkins",
        "Mohamed Salah"
    ],
    "predicted_formation": "3-5-2",
    "actual_formation": "3-5-2",
    "predicted_total": 46.60021781921387,
    "actual_total": 147.0,
    "point_differential": 100.39978218078613,
    "adjusted_total": 46.60021781921387,
    "adjusted_differential": 100.39978218078613
}