algorithm,gameweek,common_players_count,common_players_percentage,predicted_formation,actual_formation,predicted_total,actual_total,point_differential,adjusted_total,adjusted_differential
GBReg,26,1,9.090909090909092,3-5-2,4-4-2,54.375845490184886,126.0,71.62415450981511,54.375845490184886,71.62415450981511
Ridge,26,1,9.090909090909092,3-5-2,4-4-2,53.129216225931245,126.0,72.87078377406876,53.129216225931245,72.87078377406876
LSTM,26,0,0.0,3-4-3,4-4-2,79.47391510009766,126.0,46.526084899902344,77.87643134593964,48.123568654060364
RFReg,26,0,0.0,3-5-2,4-4-2,53.67310857468355,126.0,72.32689142531645,53.67310857468355,72.32689142531645
XGBoost,26,0,0.0,4-4-2,4-4-2,52.57029318809509,126.0,73.42970681190491,52.57029318809509,73.42970681190491
DeepLearning,26,0,0.0,4-4-2,4-4-2,47.66689991950989,126.0,78.33310008049011,47.66689991950989,78.33310008049011
