algorithm,gameweek,common_players_count,common_players_percentage,predicted_formation,actual_formation,predicted_total,actual_total,point_differential,adjusted_total,adjusted_differential
LSTM,7,2,18.181818181818183,3-4-3,5-3-2,76.38707971572876,114.0,37.61292028427124,76.38707971572876,37.61292028427124
Ridge,7,2,18.181818181818183,3-5-2,5-3-2,52.098933722950555,114.0,61.901066277049445,52.098933722950555,61.901066277049445
RFReg,7,2,18.181818181818183,3-4-3,5-3-2,51.03111320712529,114.0,62.96888679287471,51.03111320712529,62.96888679287471
DeepLearning,7,2,18.181818181818183,3-5-2,5-3-2,45.58009719848633,114.0,68.41990280151367,45.58009719848633,68.41990280151367
XGBoost,7,1,9.090909090909092,4-4-2,5-3-2,53.13680601119995,114.0,60.86319398880005,53.13680601119995,60.86319398880005
GBReg,7,1,9.090909090909092,5-3-2,5-3-2,50.948044408168585,114.0,63.051955591831415,50.948044408168585,63.051955591831415
