{
    "common_players_count": 1,
    "common_players_percentage": 9.090909090909092,
    "common_players": [
        "J\u00f8rgen Strand Larsen"
    ],
    "predicted_formation": "4-4-2",
    "actual_formation": "5-2-3",
    "predicted_total": 47.69873070716858,
    "actual_total": 98.0,
    "point_differential": 50.30126929283142,
    "adjusted_total": 46.40566909313202,
    "adjusted_differential": 51.59433090686798
}