algorithm,gameweek,common_players_count,common_players_percentage,predicted_formation,actual_formation,predicted_total,actual_total,point_differential,adjusted_total,adjusted_differential
LSTM,20,2,18.181818181818183,3-4-3,4-3-3,80.72336292266846,134.0,53.27663707733154,79.33240973949432,54.667590260505676
Ridge,20,2,18.181818181818183,3-5-2,4-3-3,53.18116735319932,134.0,80.81883264680067,53.18116735319932,80.81883264680067
GBReg,20,2,18.181818181818183,4-3-3,4-3-3,49.65238103439661,134.0,84.34761896560339,49.65238103439661,84.34761896560339
RFReg,20,1,9.090909090909092,3-5-2,4-3-3,52.97270537748974,134.0,81.02729462251025,52.97270537748974,81.02729462251025
XGBoost,20,1,9.090909090909092,3-4-3,4-3-3,51.70592737197876,134.0,82.29407262802124,51.70592737197876,82.29407262802124
DeepLearning,20,1,9.090909090909092,3-4-3,4-3-3,49.6156005859375,134.0,84.3843994140625,49.6156005859375,84.3843994140625
