{
    "common_players_count": 1,
    "common_players_percentage": 9.090909090909092,
    "common_players": [
        "Francisco Evanilson de Lima Barbosa"
    ],
    "predicted_formation": "3-4-3",
    "actual_formation": "5-3-2",
    "predicted_total": 53.40324843015619,
    "actual_total": 133.0,
    "point_differential": 79.5967515698438,
    "adjusted_total": 53.40324843015619,
    "adjusted_differential": 79.5967515698438
}