{
    "common_players_count": 0,
    "common_players_percentage": 0.0,
    "common_players": [],
    "predicted_formation": "3-5-2",
    "actual_formation": "4-4-2",
    "predicted_total": 53.67310857468355,
    "actual_total": 126.0,
    "point_differential": 72.32689142531645,
    "adjusted_total": 53.67310857468355,
    "adjusted_differential": 72.32689142531645
}