algorithm,gameweek,common_players_count,common_players_percentage,predicted_formation,actual_formation,predicted_total,actual_total,point_differential,adjusted_total,adjusted_differential
LSTM,28,1,9.090909090909092,4-3-3,4-4-2,54.76615047454834,125.0,70.23384952545166,51.2771657705307,73.7228342294693
DeepLearning,28,1,9.090909090909092,3-5-2,4-4-2,42.50178050994873,125.0,82.49821949005127,42.50178050994873,82.49821949005127
XGBoost,28,0,0.0,3-4-3,4-4-2,53.76463985443115,125.0,71.23536014556885,50.319202065467834,74.68079793453217
GBReg,28,0,0.0,4-3-3,4-4-2,48.49212961859991,125.0,76.5078703814001,47.26649762684049,77.73350237315951
RFReg,28,0,0.0,3-4-3,4-4-2,47.86941503753564,125.0,77.13058496246435,46.48363522112372,78.51636477887628
Ridge,28,0,0.0,3-5-2,4-4-2,45.34607293228854,125.0,79.65392706771146,45.34607293228854,79.65392706771146
