{
    "common_players_count": 1,
    "common_players_percentage": 9.090909090909092,
    "common_players": [
        "Mohamed Salah"
    ],
    "predicted_formation": "5-3-2",
    "actual_formation": "5-3-2",
    "predicted_total": 50.948044408168585,
    "actual_total": 114.0,
    "point_differential": 63.051955591831415,
    "adjusted_total": 50.948044408168585,
    "adjusted_differential": 63.051955591831415
}