{
    "common_players_count": 1,
    "common_players_percentage": 9.090909090909092,
    "common_players": [
        "Cole Palmer"
    ],
    "predicted_formation": "3-4-3",
    "actual_formation": "4-3-3",
    "predicted_total": 52.25333589729264,
    "actual_total": 111.0,
    "point_differential": 58.74666410270736,
    "adjusted_total": 52.25333589729264,
    "adjusted_differential": 58.74666410270736
}