{
    "common_players_count": 2,
    "common_players_percentage": 18.181818181818183,
    "common_players": [
        "Ollie Watkins",
        "Cole Palmer"
    ],
    "predicted_formation": "4-3-3",
    "actual_formation": "3-5-2",
    "predicted_total": 53.49334247536814,
    "actual_total": 135.0,
    "point_differential": 81.50665752463186,
    "adjusted_total": 53.49334247536814,
    "adjusted_differential": 81.50665752463186
}