{
    "common_players_count": 1,
    "common_players_percentage": 9.090909090909092,
    "common_players": [
        "Mohamed Salah"
    ],
    "predicted_formation": "4-4-2",
    "actual_formation": "5-2-3",
    "predicted_total": 46.343260672079275,
    "actual_total": 115.0,
    "point_differential": 68.65673932792072,
    "adjusted_total": 46.343260672079275,
    "adjusted_differential": 68.65673932792072
}