{
    "common_players_count": 1,
    "common_players_percentage": 9.090909090909092,
    "common_players": [
        "Mohamed Salah"
    ],
    "predicted_formation": "4-4-2",
    "actual_formation": "3-5-2",
    "predicted_total": 51.49406185392577,
    "actual_total": 131.0,
    "point_differential": 79.50593814607423,
    "adjusted_total": 51.49406185392577,
    "adjusted_differential": 79.50593814607423
}