{
    "common_players_count": 3,
    "common_players_percentage": 27.27272727272727,
    "common_players": [
        "Cole Palmer",
        "Alexander Isak",
        "William Saliba"
    ],
    "predicted_formation": "3-4-3",
    "actual_formation": "3-4-3",
    "predicted_total": 69.62601470947266,
    "actual_total": 113.0,
    "point_differential": 43.373985290527344,
    "adjusted_total": 69.62601470947266,
    "adjusted_differential": 43.373985290527344
}