{
    "common_players_count": 3,
    "common_players_percentage": 27.27272727272727,
    "common_players": [
        "Milos Kerkez",
        "Matz Sels",
        "Bryan Mbeumo"
    ],
    "predicted_formation": "4-3-3",
    "actual_formation": "5-2-3",
    "predicted_total": 49.42286229133606,
    "actual_total": 122.0,
    "point_differential": 72.57713770866394,
    "adjusted_total": 49.42286229133606,
    "adjusted_differential": 72.57713770866394
}