{
    "common_players_count": 1,
    "common_players_percentage": 9.090909090909092,
    "common_players": [
        "Danny Welbeck"
    ],
    "predicted_formation": "5-2-3",
    "actual_formation": "4-3-3",
    "predicted_total": 47.268993854522705,
    "actual_total": 137.0,
    "point_differential": 89.7310061454773,
    "adjusted_total": 47.268993854522705,
    "adjusted_differential": 89.7310061454773
}