{
    "common_players_count": 1,
    "common_players_percentage": 9.090909090909092,
    "common_players": [
        "Mohamed Salah"
    ],
    "predicted_formation": "4-4-2",
    "actual_formation": "3-4-3",
    "predicted_total": 76.72286319732666,
    "actual_total": 116.0,
    "point_differential": 39.27713680267334,
    "adjusted_total": 75.00882017612457,
    "adjusted_differential": 40.99117982387543
}