{
    "common_players_count": 2,
    "common_players_percentage": 18.181818181818183,
    "common_players": [
        "Jo\u0161ko Gvardiol",
        "Mohamed Salah"
    ],
    "predicted_formation": "3-4-3",
    "actual_formation": "5-3-2",
    "predicted_total": 76.38707971572876,
    "actual_total": 114.0,
    "point_differential": 37.61292028427124,
    "adjusted_total": 76.38707971572876,
    "adjusted_differential": 37.61292028427124
}