{
    "common_players_count": 1,
    "common_players_percentage": 9.090909090909092,
    "common_players": [
        "Virgil van Dijk"
    ],
    "predicted_formation": "5-3-2",
    "actual_formation": "5-3-2",
    "predicted_total": 50.56473028960641,
    "actual_total": 133.0,
    "point_differential": 82.43526971039358,
    "adjusted_total": 50.56473028960641,
    "adjusted_differential": 82.43526971039358
}