algorithm,gameweek,common_players_count,common_players_percentage,predicted_formation,actual_formation,predicted_total,actual_total,point_differential,adjusted_total,adjusted_differential
LSTM,21,0,0.0,4-3-3,5-2-3,81.78521919250488,128.0,46.21478080749512,81.78521919250488,46.21478080749512
Ridge,21,0,0.0,3-4-3,5-2-3,54.133900501422254,128.0,73.86609949857774,54.133900501422254,73.86609949857774
RFReg,21,0,0.0,3-5-2,5-2-3,52.869692145125164,128.0,75.13030785487484,52.869692145125164,75.13030785487484
GBReg,21,0,0.0,3-4-3,5-2-3,52.60257470671883,128.0,75.39742529328117,52.60257470671883,75.39742529328117
XGBoost,21,0,0.0,3-5-2,5-2-3,49.58109927177429,128.0,78.41890072822571,49.58109927177429,78.41890072822571
DeepLearning,21,0,0.0,3-4-3,5-2-3,48.842989683151245,128.0,79.15701031684875,48.842989683151245,79.15701031684875
