algorithm,gameweek,common_players_count,common_players_percentage,predicted_formation,actual_formation,predicted_total,actual_total,point_differential,adjusted_total,adjusted_differential
LSTM,11,1,9.090909090909092,3-5-2,3-5-2,78.03864526748657,139.0,60.96135473251343,78.03864526748657,60.96135473251343
Ridge,11,1,9.090909090909092,3-5-2,3-5-2,51.270743979156066,139.0,87.72925602084393,51.270743979156066,87.72925602084393
RFReg,11,1,9.090909090909092,3-5-2,3-5-2,49.25972737887697,139.0,89.74027262112304,49.25972737887697,89.74027262112304
GBReg,11,0,0.0,5-3-2,3-5-2,49.975046427120404,139.0,89.0249535728796,49.975046427120404,89.0249535728796
XGBoost,11,0,0.0,4-3-3,3-5-2,47.80733370780945,139.0,91.19266629219055,47.80733370780945,91.19266629219055
DeepLearning,11,0,0.0,5-2-3,3-5-2,44.888713121414185,139.0,94.11128687858582,44.888713121414185,94.11128687858582
