{
    "common_players_count": 2,
    "common_players_percentage": 18.181818181818183,
    "common_players": [
        "Danny Welbeck",
        "Mohamed Salah"
    ],
    "predicted_formation": "3-4-3",
    "actual_formation": "5-3-2",
    "predicted_total": 51.03111320712529,
    "actual_total": 114.0,
    "point_differential": 62.96888679287471,
    "adjusted_total": 51.03111320712529,
    "adjusted_differential": 62.96888679287471
}