{
    "common_players_count": 1,
    "common_players_percentage": 9.090909090909092,
    "common_players": [
        "David Raya Martin"
    ],
    "predicted_formation": "5-2-3",
    "actual_formation": "5-2-3",
    "predicted_total": 50.14725299202803,
    "actual_total": 134.0,
    "point_differential": 83.85274700797197,
    "adjusted_total": 50.14725299202803,
    "adjusted_differential": 83.85274700797197
}