algorithm,gameweek,common_players_count,common_players_percentage,predicted_formation,actual_formation,predicted_total,actual_total,point_differential,adjusted_total,adjusted_differential
GBReg,3,2,18.181818181818183,4-4-2,5-2-3,54.547423061131475,133.0,78.45257693886853,54.547423061131475,78.45257693886853
LSTM,3,1,9.090909090909092,3-4-3,5-2-3,87.19280767440796,133.0,45.80719232559204,87.19280767440796,45.80719232559204
RFReg,3,1,9.090909090909092,5-3-2,5-2-3,49.72839541431299,133.0,83.27160458568702,49.72839541431299,83.27160458568702
DeepLearning,3,1,9.090909090909092,4-4-2,5-2-3,48.793742179870605,133.0,84.2062578201294,48.793742179870605,84.2062578201294
XGBoost,3,0,0.0,4-4-2,5-2-3,53.57424879074097,133.0,79.42575120925903,53.57424879074097,79.42575120925903
Ridge,3,0,0.0,4-3-3,5-2-3,51.98815249228,133.0,81.01184750772,51.98815249228,81.01184750772
