{
    "common_players_count": 1,
    "common_players_percentage": 9.090909090909092,
    "common_players": [
        "Mohamed Salah"
    ],
    "predicted_formation": "3-4-3",
    "actual_formation": "5-2-3",
    "predicted_total": 51.263932579654664,
    "actual_total": 115.0,
    "point_differential": 63.736067420345336,
    "adjusted_total": 51.263932579654664,
    "adjusted_differential": 63.736067420345336
}