{
    "common_players_count": 2,
    "common_players_percentage": 18.181818181818183,
    "common_players": [
        "Cole Palmer",
        "David Raya Martin"
    ],
    "predicted_formation": "3-5-2",
    "actual_formation": "4-3-3",
    "predicted_total": 49.865541219711304,
    "actual_total": 137.0,
    "point_differential": 87.1344587802887,
    "adjusted_total": 49.865541219711304,
    "adjusted_differential": 87.1344587802887
}