algorithm,gameweek,common_players_count,common_players_percentage,predicted_formation,actual_formation,predicted_total,actual_total,point_differential,adjusted_total,adjusted_differential
LSTM,8,2,18.181818181818183,3-5-2,4-3-3,76.21862268447876,108.0,31.78137731552124,76.21862268447876,31.78137731552124
Ridge,8,2,18.181818181818183,4-4-2,4-3-3,49.95012812094569,108.0,58.04987187905431,49.95012812094569,58.04987187905431
DeepLearning,8,2,18.181818181818183,3-4-3,4-3-3,44.95932674407959,108.0,63.04067325592041,44.95932674407959,63.04067325592041
XGBoost,8,1,9.090909090909092,3-5-2,4-3-3,49.677289962768555,108.0,58.322710037231445,49.677289962768555,58.322710037231445
RFReg,8,1,9.090909090909092,4-4-2,4-3-3,45.56738438487661,108.0,62.43261561512339,45.56738438487661,62.43261561512339
GBReg,8,0,0.0,4-4-2,4-3-3,48.304696873221694,108.0,59.695303126778306,48.304696873221694,59.695303126778306
