{
    "common_players_count": 2,
    "common_players_percentage": 18.181818181818183,
    "common_players": [
        "Jean-Philippe Mateta",
        "Mohamed Salah"
    ],
    "predicted_formation": "4-3-3",
    "actual_formation": "4-3-3",
    "predicted_total": 67.82817649841309,
    "actual_total": 137.0,
    "point_differential": 69.17182350158691,
    "adjusted_total": 67.82817649841309,
    "adjusted_differential": 69.17182350158691
}