{
    "common_players_count": 1,
    "common_players_percentage": 9.090909090909092,
    "common_players": [
        "Luis D\u00edaz"
    ],
    "predicted_formation": "3-4-3",
    "actual_formation": "4-4-2",
    "predicted_total": 54.75113153691935,
    "actual_total": 116.0,
    "point_differential": 61.24886846308065,
    "adjusted_total": 53.341240141290214,
    "adjusted_differential": 62.658759858709786
}