{
    "common_players_count": 2,
    "common_players_percentage": 18.181818181818183,
    "common_players": [
        "Mohamed Salah",
        "Bruno Borges Fernandes"
    ],
    "predicted_formation": "3-5-2",
    "actual_formation": "4-3-3",
    "predicted_total": 51.771533087857634,
    "actual_total": 111.0,
    "point_differential": 59.228466912142366,
    "adjusted_total": 51.771533087857634,
    "adjusted_differential": 59.228466912142366
}