{
    "common_players_count": 2,
    "common_players_percentage": 18.181818181818183,
    "common_players": [
        "Alexander Isak",
        "Mohamed Salah"
    ],
    "predicted_formation": "3-5-2",
    "actual_formation": "5-2-3",
    "predicted_total": 47.23689889907837,
    "actual_total": 149.0,
    "point_differential": 101.76310110092163,
    "adjusted_total": 47.23689889907837,
    "adjusted_differential": 101.76310110092163
}