{
    "common_players_count": 2,
    "common_players_percentage": 18.181818181818183,
    "common_players": [
        "Alexander Isak",
        "Mohamed Salah"
    ],
    "predicted_formation": "3-5-2",
    "actual_formation": "5-2-3",
    "predicted_total": 52.24051386787443,
    "actual_total": 149.0,
    "point_differential": 96.75948613212557,
    "adjusted_total": 52.24051386787443,
    "adjusted_differential": 96.75948613212557
}