algorithm,gameweek,common_players_count,common_players_percentage,predicted_formation,actual_formation,predicted_total,actual_total,point_differential,adjusted_total,adjusted_differential
XGBoost,22,3,27.27272727272727,4-3-3,5-2-3,53.025280714035034,134.0,80.97471928596497,51.83627009391785,82.16372990608215
LSTM,22,2,18.181818181818183,3-5-2,5-2-3,80.50587940216064,134.0,53.494120597839355,78.24073314666748,55.75926685333252
GBReg,22,2,18.181818181818183,3-5-2,5-2-3,55.51671263534747,134.0,78.48328736465254,55.51671263534747,78.48328736465254
RFReg,22,1,9.090909090909092,3-5-2,5-2-3,52.78902105468481,134.0,81.21097894531519,52.78902105468481,81.21097894531519
DeepLearning,22,1,9.090909090909092,3-4-3,5-2-3,50.93964123725891,134.0,83.06035876274109,50.93964123725891,83.06035876274109
Ridge,22,1,9.090909090909092,5-2-3,5-2-3,50.14725299202803,134.0,83.85274700797197,50.14725299202803,83.85274700797197
