{
    "common_players_count": 2,
    "common_players_percentage": 18.181818181818183,
    "common_players": [
        "Alexander Isak",
        "Mohamed Salah"
    ],
    "predicted_formation": "5-3-2",
    "actual_formation": "5-2-3",
    "predicted_total": 48.066895046192435,
    "actual_total": 149.0,
    "point_differential": 100.93310495380757,
    "adjusted_total": 48.066895046192435,
    "adjusted_differential": 100.93310495380757
}