algorithm,gameweek,common_players_count,common_players_percentage,predicted_formation,actual_formation,predicted_total,actual_total,point_differential,adjusted_total,adjusted_differential
DeepLearning,12,2,18.181818181818183,5-3-2,5-3-2,45.322914361953735,133.0,87.67708563804626,45.322914361953735,87.67708563804626
LSTM,12,1,9.090909090909092,5-2-3,5-3-2,68.06194925308228,133.0,64.93805074691772,66.9875477552414,66.0124522447586
GBReg,12,1,9.090909090909092,3-4-3,5-3-2,53.40324843015619,133.0,79.5967515698438,53.40324843015619,79.5967515698438
XGBoost,12,1,9.090909090909092,4-3-3,5-3-2,52.70093822479248,133.0,80.29906177520752,52.70093822479248,80.29906177520752
Ridge,12,1,9.090909090909092,5-3-2,5-3-2,50.56473028960641,133.0,82.43526971039358,50.56473028960641,82.43526971039358
RFReg,12,1,9.090909090909092,5-3-2,5-3-2,47.178748869173866,133.0,85.82125113082614,47.178748869173866,85.82125113082614
