algorithm,gameweek,common_players_count,common_players_percentage,predicted_formation,actual_formation,predicted_total,actual_total,point_differential,adjusted_total,adjusted_differential
DeepLearning,29,2,18.181818181818183,3-4-3,5-2-3,40.26457977294922,98.0,57.73542022705078,40.26457977294922,57.73542022705078
RFReg,29,1,9.090909090909092,4-4-2,5-2-3,47.857392463257085,98.0,50.142607536742915,46.45275081609191,51.54724918390809
XGBoost,29,1,9.090909090909092,4-4-2,5-2-3,47.69873070716858,98.0,50.30126929283142,46.40566909313202,51.59433090686798
GBReg,29,1,9.090909090909092,5-3-2,5-2-3,46.53302144706777,98.0,51.46697855293223,45.16547353722229,52.83452646277771
Ridge,29,1,9.090909090909092,5-3-2,5-2-3,43.61700366093745,98.0,54.38299633906255,43.61700366093745,54.38299633906255
LSTM,29,0,0.0,4-4-2,5-2-3,76.48527073860168,98.0,21.514729261398315,74.83716642856598,23.16283357143402
