{
    "common_players_count": 1,
    "common_players_percentage": 9.090909090909092,
    "common_players": [
        "Bryan Mbeumo"
    ],
    "predicted_formation": "4-4-2",
    "actual_formation": "5-2-3",
    "predicted_total": 53.24945940569942,
    "actual_total": 122.0,
    "point_differential": 68.75054059430059,
    "adjusted_total": 53.24945940569942,
    "adjusted_differential": 68.75054059430059
}