{
    "common_players_count": 2,
    "common_players_percentage": 18.181818181818183,
    "common_players": [
        "Danny Welbeck",
        "David Raya Martin"
    ],
    "predicted_formation": "3-4-3",
    "actual_formation": "4-3-3",
    "predicted_total": 46.71403200887161,
    "actual_total": 137.0,
    "point_differential": 90.28596799112839,
    "adjusted_total": 46.71403200887161,
    "adjusted_differential": 90.28596799112839
}