{
    "common_players_count": 1,
    "common_players_percentage": 9.090909090909092,
    "common_players": [
        "Bukayo Saka"
    ],
    "predicted_formation": "4-3-3",
    "actual_formation": "3-4-3",
    "predicted_total": 81.53585910797119,
    "actual_total": 132.0,
    "point_differential": 50.46414089202881,
    "adjusted_total": 80.46472489833832,
    "adjusted_differential": 51.53527510166168
}