algorithm,gameweek,common_players_count,common_players_percentage,predicted_formation,actual_formation,predicted_total,actual_total,point_differential,adjusted_total,adjusted_differential
GBReg,25,4,36.36363636363637,4-4-2,3-5-2,59.07964621180208,138.0,78.92035378819793,59.07964621180208,78.92035378819793
RFReg,25,4,36.36363636363637,4-3-3,3-5-2,54.20551557144994,138.0,83.79448442855005,52.852270638683095,85.1477293613169
XGBoost,25,3,27.27272727272727,3-4-3,3-5-2,60.65563082695007,138.0,77.34436917304993,60.65563082695007,77.34436917304993
DeepLearning,25,3,27.27272727272727,4-3-3,3-5-2,49.15693545341492,138.0,88.84306454658508,49.15693545341492,88.84306454658508
LSTM,25,2,18.181818181818183,3-5-2,3-5-2,87.762939453125,138.0,50.237060546875,83.91010701656342,54.089892983436584
Ridge,25,2,18.181818181818183,4-4-2,3-5-2,53.70580283302262,138.0,84.29419716697738,53.70580283302262,84.29419716697738
