{
    "common_players_count": 1,
    "common_players_percentage": 9.090909090909092,
    "common_players": [
        "Cole Palmer"
    ],
    "predicted_formation": "3-4-3",
    "actual_formation": "4-3-3",
    "predicted_total": 52.98680318663062,
    "actual_total": 111.0,
    "point_differential": 58.01319681336938,
    "adjusted_total": 52.98680318663062,
    "adjusted_differential": 58.01319681336938
}