{
    "common_players_count": 1,
    "common_players_percentage": 9.090909090909092,
    "common_players": [
        "Mohamed Salah"
    ],
    "predicted_formation": "3-5-2",
    "actual_formation": "4-3-3",
    "predicted_total": 56.2711877822876,
    "actual_total": 111.0,
    "point_differential": 54.7288122177124,
    "adjusted_total": 56.2711877822876,
    "adjusted_differential": 54.7288122177124
}