{
    "common_players_count": 1,
    "common_players_percentage": 9.090909090909092,
    "common_players": [
        "Bukayo Saka"
    ],
    "predicted_formation": "3-5-2",
    "actual_formation": "3-4-3",
    "predicted_total": 47.18058252334595,
    "actual_total": 132.0,
    "point_differential": 84.81941747665405,
    "adjusted_total": 47.18058252334595,
    "adjusted_differential": 84.81941747665405
}