{
    "common_players_count": 2,
    "common_players_percentage": 18.181818181818183,
    "common_players": [
        "Jo\u0161ko Gvardiol",
        "Bryan Mbeumo"
    ],
    "predicted_formation": "3-5-2",
    "actual_formation": "4-3-3",
    "predicted_total": 76.21862268447876,
    "actual_total": 108.0,
    "point_differential": 31.78137731552124,
    "adjusted_total": 76.21862268447876,
    "adjusted_differential": 31.78137731552124
}