{
    "common_players_count": 0,
    "common_players_percentage": 0.0,
    "common_players": [],
    "predicted_formation": "4-4-2",
    "actual_formation": "4-4-2",
    "predicted_total": 47.66689991950989,
    "actual_total": 126.0,
    "point_differential": 78.33310008049011,
    "adjusted_total": 47.66689991950989,
    "adjusted_differential": 78.33310008049011
}