algorithm,gameweek,common_players_count,common_players_percentage,predicted_formation,actual_formation,predicted_total,actual_total,point_differential,adjusted_total,adjusted_differential
LSTM,5,2,18.181818181818183,4-3-3,3-5-2,75.20949745178223,135.0,59.79050254821777,73.88687360286713,61.11312639713287
XGBoost,5,2,18.181818181818183,4-4-2,3-5-2,56.43399620056152,135.0,78.56600379943848,56.43399620056152,78.56600379943848
GBReg,5,2,18.181818181818183,4-3-3,3-5-2,53.49334247536814,135.0,81.50665752463186,53.49334247536814,81.50665752463186
DeepLearning,5,2,18.181818181818183,3-5-2,3-5-2,53.173423528671265,135.0,81.82657647132874,51.94517731666565,83.05482268333435
RFReg,5,2,18.181818181818183,3-4-3,3-5-2,50.45347583501828,135.0,84.54652416498172,50.45347583501828,84.54652416498172
Ridge,5,1,9.090909090909092,3-5-2,3-5-2,54.300999642712966,135.0,80.69900035728703,54.300999642712966,80.69900035728703
