algorithm,gameweek,common_players_count,common_players_percentage,predicted_formation,actual_formation,predicted_total,actual_total,point_differential,adjusted_total,adjusted_differential
DeepLearning,19,3,27.27272727272727,4-3-3,5-2-3,49.42286229133606,122.0,72.57713770866394,49.42286229133606,72.57713770866394
RFReg,19,2,18.181818181818183,4-4-2,5-2-3,53.07873368762228,122.0,68.92126631237772,53.07873368762228,68.92126631237772
LSTM,19,1,9.090909090909092,3-5-2,5-2-3,83.65573167800903,122.0,38.34426832199097,81.56334495544434,40.436655044555664
XGBoost,19,1,9.090909090909092,3-5-2,5-2-3,56.233911752700806,122.0,65.7660882472992,56.233911752700806,65.7660882472992
Ridge,19,1,9.090909090909092,4-4-2,5-2-3,53.24945940569942,122.0,68.75054059430059,53.24945940569942,68.75054059430059
GBReg,19,1,9.090909090909092,5-3-2,5-2-3,52.75737584165764,122.0,69.24262415834235,52.75737584165764,69.24262415834235
