{
    "common_players_count": 1,
    "common_players_percentage": 9.090909090909092,
    "common_players": [
        "Mohamed Salah"
    ],
    "predicted_formation": "4-3-3",
    "actual_formation": "4-3-3",
    "predicted_total": 51.1943607558899,
    "actual_total": 137.0,
    "point_differential": 85.8056392441101,
    "adjusted_total": 51.1943607558899,
    "adjusted_differential": 85.8056392441101
}