algorithm,gameweek,common_players_count,common_players_percentage,predicted_formation,actual_formation,predicted_total,actual_total,point_differential,adjusted_total,adjusted_differential
LSTM,18,1,9.090909090909092,4-4-2,3-5-2,85.18313884735107,131.0,45.816861152648926,85.18313884735107,45.816861152648926
XGBoost,18,1,9.090909090909092,4-3-3,3-5-2,55.882455825805664,131.0,75.11754417419434,55.882455825805664,75.11754417419434
GBReg,18,1,9.090909090909092,5-3-2,3-5-2,53.43535878836615,131.0,77.56464121163384,53.43535878836615,77.56464121163384
RFReg,18,1,9.090909090909092,4-4-2,3-5-2,51.49406185392577,131.0,79.50593814607423,51.49406185392577,79.50593814607423
DeepLearning,18,1,9.090909090909092,3-5-2,3-5-2,50.8148455619812,131.0,80.1851544380188,50.8148455619812,80.1851544380188
Ridge,18,1,9.090909090909092,4-3-3,3-5-2,50.366404116791706,131.0,80.6335958832083,50.366404116791706,80.6335958832083
