{
    "common_players_count": 0,
    "common_players_percentage": 0.0,
    "common_players": [],
    "predicted_formation": "3-5-2",
    "actual_formation": "5-2-3",
    "predicted_total": 52.869692145125164,
    "actual_total": 128.0,
    "point_differential": 75.13030785487484,
    "adjusted_total": 52.869692145125164,
    "adjusted_differential": 75.13030785487484
}