{
    "common_players_count": 2,
    "common_players_percentage": 18.181818181818183,
    "common_players": [
        "Alexander Isak",
        "Mohamed Salah"
    ],
    "predicted_formation": "3-5-2",
    "actual_formation": "5-2-3",
    "predicted_total": 82.71151781082153,
    "actual_total": 149.0,
    "point_differential": 66.28848218917847,
    "adjusted_total": 81.7076301574707,
    "adjusted_differential": 67.2923698425293
}