{
    "common_players_count": 1,
    "common_players_percentage": 9.090909090909092,
    "common_players": [
        "Mohamed Salah"
    ],
    "predicted_formation": "4-3-3",
    "actual_formation": "3-5-2",
    "predicted_total": 50.366404116791706,
    "actual_total": 131.0,
    "point_differential": 80.6335958832083,
    "adjusted_total": 50.366404116791706,
    "adjusted_differential": 80.6335958832083
}