{
    "common_players_count": 2,
    "common_players_percentage": 18.181818181818183,
    "common_players": [
        "Ollie Watkins",
        "Mohamed Salah"
    ],
    "predicted_formation": "4-4-2",
    "actual_formation": "3-5-2",
    "predicted_total": 50.3642097692017,
    "actual_total": 147.0,
    "point_differential": 96.6357902307983,
    "adjusted_total": 50.3642097692017,
    "adjusted_differential": 96.6357902307983
}