{
    "common_players_count": 1,
    "common_players_percentage": 9.090909090909092,
    "common_players": [
        "Mohamed Salah"
    ],
    "predicted_formation": "5-3-2",
    "actual_formation": "3-4-3",
    "predicted_total": 45.76409864425659,
    "actual_total": 116.0,
    "point_differential": 70.23590135574341,
    "adjusted_total": 45.76409864425659,
    "adjusted_differential": 70.23590135574341
}