{
    "common_players_count": 0,
    "common_players_percentage": 0.0,
    "common_players": [],
    "predicted_formation": "3-5-2",
    "actual_formation": "5-2-3",
    "predicted_total": 49.58109927177429,
    "actual_total": 128.0,
    "point_differential": 78.41890072822571,
    "adjusted_total": 49.58109927177429,
    "adjusted_differential": 78.41890072822571
}