algorithm,avg_common_players,common_players_count_std,common_players_count_max,common_players_count_min,total_correct_players,avg_player_accuracy_pct,common_players_percentage_std,avg_point_differential,point_differential_std,point_differential_min,point_differential_max,avg_adjusted_differential,adjusted_differential_std,adjusted_differential_min,adjusted_differential_max,gameweeks_analyzed
RFReg,1.4285714285714286,1.0338196500275416,4,0,40,12.987012987012989,9.398360454795835,76.75724234223001,11.64716828665105,59.228466912142366,100.93310495380757,76.9054179188303,11.617677604387316,59.228466912142366,100.93310495380757,28
LSTM,1.4285714285714286,0.8789122666607699,3,0,40,12.987012987012987,7.990111515097908,51.43213545424597,14.162357208426888,29.008164405822754,89.7310061454773,52.22827501807894,14.33901309554977,29.008164405822754,89.7310061454773,28
DeepLearning,1.3571428571428572,0.8698354767504924,3,0,38,12.337662337662339,7.907595243186297,79.65123724937439,11.312321343549867,62.383105993270874,103.99119663238525,79.69510318551745,11.323445028982686,62.383105993270874,103.99119663238525,28
GBReg,1.2857142857142858,0.9759000729485332,4,0,36,11.688311688311689,8.871818844986667,74.83913702144591,11.149283554073614,56.74631270214189,99.61012370070475,74.93371049797224,11.176217720150664,56.74631270214189,99.61012370070475,28
Ridge,1.2142857142857142,0.8758971213537393,4,0,34,11.03896103896104,7.962701103215812,75.78907281493541,11.90403942156105,58.01319681336938,97.92791381645674,75.83176112558559,11.919689176572346,58.01319681336938,97.92791381645674,28
XGBoost,1.1071428571428572,0.956044540814477,3,0,31,10.064935064935066,8.691314007404335,74.15749187128884,11.918211697292788,54.7288122177124,101.76310110092163,74.50173915709767,11.894796859027565,54.7288122177124,101.76310110092163,28
