{
    "common_players_count": 2,
    "common_players_percentage": 18.181818181818183,
    "common_players": [
        "Omar Marmoush",
        "J\u00f8rgen Strand Larsen"
    ],
    "predicted_formation": "3-4-3",
    "actual_formation": "5-2-3",
    "predicted_total": 40.26457977294922,
    "actual_total": 98.0,
    "point_differential": 57.73542022705078,
    "adjusted_total": 40.26457977294922,
    "adjusted_differential": 57.73542022705078
}