{
    "common_players_count": 1,
    "common_players_percentage": 9.090909090909092,
    "common_players": [
        "Alexander Isak"
    ],
    "predicted_formation": "3-5-2",
    "actual_formation": "5-2-3",
    "predicted_total": 52.78902105468481,
    "actual_total": 134.0,
    "point_differential": 81.21097894531519,
    "adjusted_total": 52.78902105468481,
    "adjusted_differential": 81.21097894531519
}