{
    "common_players_count": 1,
    "common_players_percentage": 9.090909090909092,
    "common_players": [
        "Alexander Isak"
    ],
    "predicted_formation": "3-4-3",
    "actual_formation": "5-2-3",
    "predicted_total": 50.93964123725891,
    "actual_total": 134.0,
    "point_differential": 83.06035876274109,
    "adjusted_total": 50.93964123725891,
    "adjusted_differential": 83.06035876274109
}