algorithm,gameweek,common_players_count,common_players_percentage,predicted_formation,actual_formation,predicted_total,actual_total,point_differential,adjusted_total,adjusted_differential
GBReg,15,2,18.181818181818183,3-5-2,3-5-2,48.8118774742764,124.0,75.1881225257236,48.8118774742764,75.1881225257236
RFReg,15,2,18.181818181818183,5-2-3,3-5-2,44.75266447490776,124.0,79.24733552509224,44.75266447490776,79.24733552509224
LSTM,15,1,9.090909090909092,4-3-3,3-5-2,65.56966352462769,124.0,58.430336475372314,65.56966352462769,58.430336475372314
Ridge,15,1,9.090909090909092,5-3-2,3-5-2,46.9847396066117,124.0,77.0152603933883,46.9847396066117,77.0152603933883
XGBoost,15,1,9.090909090909092,5-2-3,3-5-2,45.47273778915405,124.0,78.52726221084595,44.36077177524567,79.63922822475433
DeepLearning,15,1,9.090909090909092,5-2-3,3-5-2,44.80683755874634,124.0,79.19316244125366,44.80683755874634,79.19316244125366
