{
    "common_players_count": 1,
    "common_players_percentage": 9.090909090909092,
    "common_players": [
        "Mohamed Salah"
    ],
    "predicted_formation": "3-5-2",
    "actual_formation": "4-3-3",
    "predicted_total": 48.11622595787048,
    "actual_total": 111.0,
    "point_differential": 62.88377404212952,
    "adjusted_total": 48.11622595787048,
    "adjusted_differential": 62.88377404212952
}