{
    "common_players_count": 2,
    "common_players_percentage": 18.181818181818183,
    "common_players": [
        "Alexander Isak",
        "Jean-Philippe Mateta"
    ],
    "predicted_formation": "4-3-3",
    "actual_formation": "4-3-3",
    "predicted_total": 49.65238103439661,
    "actual_total": 134.0,
    "point_differential": 84.34761896560339,
    "adjusted_total": 49.65238103439661,
    "adjusted_differential": 84.34761896560339
}