algorithm,gameweek,common_players_count,common_players_percentage,predicted_formation,actual_formation,predicted_total,actual_total,point_differential,adjusted_total,adjusted_differential
LSTM,16,2,18.181818181818183,3-5-2,5-2-3,82.71151781082153,149.0,66.28848218917847,81.7076301574707,67.2923698425293
GBReg,16,2,18.181818181818183,3-5-2,5-2-3,52.24051386787443,149.0,96.75948613212557,52.24051386787443,96.75948613212557
Ridge,16,2,18.181818181818183,4-4-2,5-2-3,51.846167790160884,149.0,97.15383220983912,51.846167790160884,97.15383220983912
RFReg,16,2,18.181818181818183,5-3-2,5-2-3,48.066895046192435,149.0,100.93310495380757,48.066895046192435,100.93310495380757
XGBoost,16,2,18.181818181818183,3-5-2,5-2-3,47.23689889907837,149.0,101.76310110092163,47.23689889907837,101.76310110092163
DeepLearning,16,2,18.181818181818183,4-4-2,5-2-3,45.008803367614746,149.0,103.99119663238525,45.008803367614746,103.99119663238525
