{
    "common_players_count": 1,
    "common_players_percentage": 9.090909090909092,
    "common_players": [
        "Luis D\u00edaz"
    ],
    "predicted_formation": "3-5-2",
    "actual_formation": "4-4-2",
    "predicted_total": 53.473689794540405,
    "actual_total": 116.0,
    "point_differential": 62.526310205459595,
    "adjusted_total": 53.473689794540405,
    "adjusted_differential": 62.526310205459595
}