{
    "common_players_count": 1,
    "common_players_percentage": 9.090909090909092,
    "common_players": [
        "Jo\u0161ko Gvardiol"
    ],
    "predicted_formation": "5-2-3",
    "actual_formation": "3-5-2",
    "predicted_total": 44.80683755874634,
    "actual_total": 124.0,
    "point_differential": 79.19316244125366,
    "adjusted_total": 44.80683755874634,
    "adjusted_differential": 79.19316244125366
}