{
    "common_players_count": 1,
    "common_players_percentage": 9.090909090909092,
    "common_players": [
        "Mohamed Salah"
    ],
    "predicted_formation": "5-2-3",
    "actual_formation": "5-2-3",
    "predicted_total": 45.55488598466803,
    "actual_total": 115.0,
    "point_differential": 69.44511401533197,
    "adjusted_total": 45.55488598466803,
    "adjusted_differential": 69.44511401533197
}