algorithm,gameweek,common_players_count,common_players_percentage,predicted_formation,actual_formation,predicted_total,actual_total,point_differential,adjusted_total,adjusted_differential
LSTM,17,1,9.090909090909092,4-4-2,4-3-3,75.39536666870117,111.0,35.60463333129883,75.39536666870117,35.60463333129883
XGBoost,17,1,9.090909090909092,3-5-2,4-3-3,53.19377040863037,111.0,57.80622959136963,53.19377040863037,57.80622959136963
Ridge,17,1,9.090909090909092,3-4-3,4-3-3,52.98680318663062,111.0,58.01319681336938,52.98680318663062,58.01319681336938
GBReg,17,1,9.090909090909092,3-4-3,4-3-3,52.25333589729264,111.0,58.74666410270736,52.25333589729264,58.74666410270736
RFReg,17,1,9.090909090909092,3-5-2,4-3-3,51.01101873070253,111.0,59.98898126929747,51.01101873070253,59.98898126929747
DeepLearning,17,1,9.090909090909092,3-4-3,4-3-3,48.616894006729126,111.0,62.383105993270874,48.616894006729126,62.383105993270874
