algorithm,gameweek,common_players_count,common_players_percentage,predicted_formation,actual_formation,predicted_total,actual_total,point_differential,adjusted_total,adjusted_differential
Ridge,14,4,36.36363636363637,3-4-3,3-4-3,49.27504302170355,113.0,63.72495697829645,49.27504302170355,63.72495697829645
RFReg,14,4,36.36363636363637,3-4-3,3-4-3,48.52685067970051,113.0,64.47314932029948,48.52685067970051,64.47314932029948
LSTM,14,3,27.27272727272727,3-4-3,3-4-3,69.62601470947266,113.0,43.373985290527344,69.62601470947266,43.373985290527344
XGBoost,14,3,27.27272727272727,4-3-3,3-4-3,50.43834710121155,113.0,62.56165289878845,50.43834710121155,62.56165289878845
GBReg,14,3,27.27272727272727,4-3-3,3-4-3,49.386423375967695,113.0,63.613576624032305,49.386423375967695,63.613576624032305
DeepLearning,14,3,27.27272727272727,3-4-3,3-4-3,45.21940517425537,113.0,67.78059482574463,45.21940517425537,67.78059482574463
