{
    "common_players_count": 1,
    "common_players_percentage": 9.090909090909092,
    "common_players": [
        "Bryan Mbeumo"
    ],
    "predicted_formation": "3-5-2",
    "actual_formation": "5-2-3",
    "predicted_total": 83.65573167800903,
    "actual_total": 122.0,
    "point_differential": 38.34426832199097,
    "adjusted_total": 81.56334495544434,
    "adjusted_differential": 40.436655044555664
}