{
    "common_players_count": 1,
    "common_players_percentage": 9.090909090909092,
    "common_players": [
        "Bukayo Saka"
    ],
    "predicted_formation": "3-5-2",
    "actual_formation": "3-4-3",
    "predicted_total": 56.99797177314758,
    "actual_total": 132.0,
    "point_differential": 75.00202822685242,
    "adjusted_total": 54.33528912067413,
    "adjusted_differential": 77.66471087932587
}