algorithm,gameweek,common_players_count,common_players_percentage,predicted_formation,actual_formation,predicted_total,actual_total,point_differential,adjusted_total,adjusted_differential
DeepLearning,9,1,9.090909090909092,4-3-3,3-5-2,44.145983934402466,121.0,76.85401606559753,44.145983934402466,76.85401606559753
LSTM,9,0,0.0,4-3-3,3-5-2,69.26336193084717,121.0,51.73663806915283,69.26336193084717,51.73663806915283
GBReg,9,0,0.0,4-4-2,3-5-2,51.035195770848496,121.0,69.9648042291515,51.035195770848496,69.9648042291515
Ridge,9,0,0.0,3-4-3,3-5-2,49.67309127043358,121.0,71.32690872956641,49.67309127043358,71.32690872956641
XGBoost,9,0,0.0,5-3-2,3-5-2,47.46872544288635,121.0,73.53127455711365,47.46872544288635,73.53127455711365
RFReg,9,0,0.0,5-3-2,3-5-2,46.604034270783615,121.0,74.39596572921639,46.604034270783615,74.39596572921639
