{
    "common_players_count": 0,
    "common_players_percentage": 0.0,
    "common_players": [],
    "predicted_formation": "3-4-3",
    "actual_formation": "3-4-3",
    "predicted_total": 53.88065767288208,
    "actual_total": 121.0,
    "point_differential": 67.11934232711792,
    "adjusted_total": 53.88065767288208,
    "adjusted_differential": 67.11934232711792
}