{
    "common_players_count": 2,
    "common_players_percentage": 18.181818181818183,
    "common_players": [
        "William Saliba",
        "Mohamed Salah"
    ],
    "predicted_formation": "5-3-2",
    "actual_formation": "3-5-2",
    "predicted_total": 73.30791425704956,
    "actual_total": 147.0,
    "point_differential": 73.69208574295044,
    "adjusted_total": 73.30791425704956,
    "adjusted_differential": 73.69208574295044
}