algorithm,gameweek,common_players_count,common_players_percentage,predicted_formation,actual_formation,predicted_total,actual_total,point_differential,adjusted_total,adjusted_differential
LSTM,10,3,27.27272727272727,4-3-3,5-2-3,63.76694321632385,115.0,51.23305678367615,62.348912715911865,52.651087284088135
DeepLearning,10,2,18.181818181818183,4-4-2,5-2-3,45.04048466682434,115.0,69.95951533317566,45.04048466682434,69.95951533317566
Ridge,10,1,9.090909090909092,3-4-3,5-2-3,51.263932579654664,115.0,63.736067420345336,51.263932579654664,63.736067420345336
XGBoost,10,1,9.090909090909092,4-4-2,5-2-3,46.46081614494324,115.0,68.53918385505676,46.46081614494324,68.53918385505676
RFReg,10,1,9.090909090909092,4-4-2,5-2-3,46.343260672079275,115.0,68.65673932792072,46.343260672079275,68.65673932792072
GBReg,10,1,9.090909090909092,5-2-3,5-2-3,45.55488598466803,115.0,69.44511401533197,45.55488598466803,69.44511401533197
