algorithm,gameweek,common_players_count,common_players_percentage,predicted_formation,actual_formation,predicted_total,actual_total,point_differential,adjusted_total,adjusted_differential
GBReg,24,1,9.090909090909092,3-5-2,4-4-2,59.25368729785811,116.0,56.74631270214189,59.25368729785811,56.74631270214189
RFReg,24,1,9.090909090909092,3-4-3,4-4-2,54.75113153691935,116.0,61.24886846308065,53.341240141290214,62.658759858709786
DeepLearning,24,1,9.090909090909092,3-5-2,4-4-2,53.473689794540405,116.0,62.526310205459595,53.473689794540405,62.526310205459595
LSTM,24,0,0.0,4-4-2,4-4-2,86.99183559417725,116.0,29.008164405822754,86.99183559417725,29.008164405822754
XGBoost,24,0,0.0,4-4-2,4-4-2,60.19917130470276,116.0,55.80082869529724,58.9693443775177,57.0306556224823
Ridge,24,0,0.0,4-4-2,4-4-2,55.621701045988544,116.0,60.378298954011456,55.621701045988544,60.378298954011456
