{
    "common_players_count": 2,
    "common_players_percentage": 18.181818181818183,
    "common_players": [
        "Jo\u0161ko Gvardiol",
        "Bryan Mbeumo"
    ],
    "predicted_formation": "3-4-3",
    "actual_formation": "4-3-3",
    "predicted_total": 44.95932674407959,
    "actual_total": 108.0,
    "point_differential": 63.04067325592041,
    "adjusted_total": 44.95932674407959,
    "adjusted_differential": 63.04067325592041
}