{
    "common_players_count": 2,
    "common_players_percentage": 18.181818181818183,
    "common_players": [
        "Alexander Isak",
        "Mohamed Salah"
    ],
    "predicted_formation": "4-4-2",
    "actual_formation": "5-2-3",
    "predicted_total": 51.846167790160884,
    "actual_total": 149.0,
    "point_differential": 97.15383220983912,
    "adjusted_total": 51.846167790160884,
    "adjusted_differential": 97.15383220983912
}