algorithm,gameweek,common_players_count,common_players_percentage,predicted_formation,actual_formation,predicted_total,actual_total,point_differential,adjusted_total,adjusted_differential
Ridge,2,2,18.181818181818183,4-4-2,3-4-3,52.324092756283825,116.0,63.675907243716175,52.324092756283825,63.675907243716175
GBReg,2,2,18.181818181818183,3-5-2,3-4-3,51.9095817496864,116.0,64.0904182503136,51.9095817496864,64.0904182503136
XGBoost,2,2,18.181818181818183,5-2-3,3-4-3,51.8816020488739,116.0,64.1183979511261,51.8816020488739,64.1183979511261
LSTM,2,1,9.090909090909092,4-4-2,3-4-3,76.72286319732666,116.0,39.27713680267334,75.00882017612457,40.99117982387543
RFReg,2,1,9.090909090909092,3-5-2,3-4-3,52.92885988219444,116.0,63.07114011780556,52.92885988219444,63.07114011780556
DeepLearning,2,1,9.090909090909092,5-3-2,3-4-3,45.76409864425659,116.0,70.23590135574341,45.76409864425659,70.23590135574341
