{
    "common_players_count": 0,
    "common_players_percentage": 0.0,
    "common_players": [],
    "predicted_formation": "4-4-2",
    "actual_formation": "4-4-2",
    "predicted_total": 55.621701045988544,
    "actual_total": 116.0,
    "point_differential": 60.378298954011456,
    "adjusted_total": 55.621701045988544,
    "adjusted_differential": 60.378298954011456
}