{
    "common_players_count": 2,
    "common_players_percentage": 18.181818181818183,
    "common_players": [
        "Ollie Watkins",
        "Cole Palmer"
    ],
    "predicted_formation": "3-4-3",
    "actual_formation": "3-5-2",
    "predicted_total": 50.45347583501828,
    "actual_total": 135.0,
    "point_differential": 84.54652416498172,
    "adjusted_total": 50.45347583501828,
    "adjusted_differential": 84.54652416498172
}