{
    "common_players_count": 2,
    "common_players_percentage": 18.181818181818183,
    "common_players": [
        "Danny Welbeck",
        "Cole Palmer"
    ],
    "predicted_formation": "3-5-2",
    "actual_formation": "4-3-3",
    "predicted_total": 42.91069984436035,
    "actual_total": 137.0,
    "point_differential": 94.08930015563965,
    "adjusted_total": 42.91069984436035,
    "adjusted_differential": 94.08930015563965
}