algorithm,gameweek,common_players_count,common_players_percentage,predicted_formation,actual_formation,predicted_total,actual_total,point_differential,adjusted_total,adjusted_differential
LSTM,13,2,18.181818181818183,5-3-2,3-5-2,73.30791425704956,147.0,73.69208574295044,73.30791425704956,73.69208574295044
Ridge,13,2,18.181818181818183,4-4-2,3-5-2,50.3642097692017,147.0,96.6357902307983,50.3642097692017,96.6357902307983
XGBoost,13,2,18.181818181818183,3-5-2,3-5-2,49.66969275474548,147.0,97.33030724525452,49.66969275474548,97.33030724525452
RFReg,13,2,18.181818181818183,4-3-3,3-5-2,47.421261840457056,147.0,99.57873815954295,47.421261840457056,99.57873815954295
DeepLearning,13,2,18.181818181818183,3-5-2,3-5-2,46.60021781921387,147.0,100.39978218078613,46.60021781921387,100.39978218078613
GBReg,13,1,9.090909090909092,4-3-3,3-5-2,47.38987629929526,147.0,99.61012370070475,47.38987629929526,99.61012370070475
