algorithm,gameweek,common_players_count,common_players_percentage,predicted_formation,actual_formation,predicted_total,actual_total,point_differential,adjusted_total,adjusted_differential
LSTM,6,1,9.090909090909092,4-3-3,3-4-3,81.53585910797119,132.0,50.46414089202881,80.46472489833832,51.53527510166168
XGBoost,6,1,9.090909090909092,3-5-2,3-4-3,56.99797177314758,132.0,75.00202822685242,54.33528912067413,77.66471087932587
GBReg,6,1,9.090909090909092,4-4-2,3-4-3,54.04292472044305,132.0,77.95707527955696,52.62049936946501,79.37950063053499
Ridge,6,1,9.090909090909092,4-3-3,3-4-3,52.57623097947554,132.0,79.42376902052446,51.38095828127052,80.61904171872948
RFReg,6,1,9.090909090909092,4-3-3,3-4-3,48.53213531419399,132.0,83.467864685806,48.53213531419399,83.467864685806
DeepLearning,6,1,9.090909090909092,3-5-2,3-4-3,47.18058252334595,132.0,84.81941747665405,47.18058252334595,84.81941747665405
