algorithm,gameweek,common_players_count,common_players_percentage,predicted_formation,actual_formation,predicted_total,actual_total,point_differential,adjusted_total,adjusted_differential
RFReg,23,3,27.27272727272727,4-3-3,4-3-3,49.90244510748536,137.0,87.09755489251464,49.90244510748536,87.09755489251464
LSTM,23,2,18.181818181818183,4-3-3,4-3-3,67.82817649841309,137.0,69.17182350158691,67.82817649841309,69.17182350158691
GBReg,23,2,18.181818181818183,4-3-3,4-3-3,53.51640198164414,137.0,83.48359801835586,53.51640198164414,83.48359801835586
XGBoost,23,1,9.090909090909092,3-5-2,4-3-3,57.803255558013916,137.0,79.19674444198608,57.803255558013916,79.19674444198608
Ridge,23,1,9.090909090909092,4-3-3,4-3-3,51.1943607558899,137.0,85.8056392441101,51.1943607558899,85.8056392441101
DeepLearning,23,1,9.090909090909092,3-4-3,4-3-3,47.08698320388794,137.0,89.91301679611206,47.08698320388794,89.91301679611206
