{
    "common_players_count": 0,
    "common_players_percentage": 0.0,
    "common_players": [],
    "predicted_formation": "3-4-3",
    "actual_formation": "4-4-2",
    "predicted_total": 53.76463985443115,
    "actual_total": 125.0,
    "point_differential": 71.23536014556885,
    "adjusted_total": 50.319202065467834,
    "adjusted_differential": 74.68079793453217
}