{
    "common_players_count": 0,
    "common_players_percentage": 0.0,
    "common_players": [],
    "predicted_formation": "4-4-2",
    "actual_formation": "4-3-3",
    "predicted_total": 48.304696873221694,
    "actual_total": 108.0,
    "point_differential": 59.695303126778306,
    "adjusted_total": 48.304696873221694,
    "adjusted_differential": 59.695303126778306
}