{
    "common_players_count": 0,
    "common_players_percentage": 0.0,
    "common_players": [],
    "predicted_formation": "3-4-3",
    "actual_formation": "5-2-3",
    "predicted_total": 52.60257470671883,
    "actual_total": 128.0,
    "point_differential": 75.39742529328117,
    "adjusted_total": 52.60257470671883,
    "adjusted_differential": 75.39742529328117
}