{
    "common_players_count": 1,
    "common_players_percentage": 9.090909090909092,
    "common_players": [
        "Cole Palmer"
    ],
    "predicted_formation": "3-4-3",
    "actual_formation": "4-3-3",
    "predicted_total": 39.07208618354327,
    "actual_total": 137.0,
    "point_differential": 97.92791381645674,
    "adjusted_total": 39.07208618354327,
    "adjusted_differential": 97.92791381645674
}